PMAID,name,lng,lat,Adult Fitness Equipment,Art in the Park,Baseball/Softball Fields,Basketball Courts,Dog Off Leash Areas,Drinking fountains,Fire Pits,Fishing piers,Football Fields,Gardens,Grills,Hand Carry Boat Launches,Motorized Boat Launches,Picnic Sites,Play Area,Restrooms,Skate Park,Soccer Fields,Spray Parks,Swimming Beaches,Tennis Courts,Track Fields,Trails,Views,Volleyball Courts,Wading Pools
281,12th and Howe Play Park,-122.372985,47.636097,,,,,,,,,,,,,,,yes,,,,,,,,,,,
4159,12th Ave S Viewpoint,-122.317765,47.577953,,,,,,,,,,,,,,,,,,,,,,,,yes,,
4467,12th Ave Square Park,-122.316455,47.607427,,,,,,,,,,,,,,,,,,,,,,,,,,
4010,14th Ave NW Boat Ramp,-122.373536,47.660775,,,,,,,,,,,,,yes,,,,,,,,,,,,,
296,3001 E Madison,-122.293173,47.625169,,,,,,,,,,,,,,,,,,,,,,,,,,
1000001,32nd Ave W Boat Launch,-122.398685,47.632345,,,,,,,,,,,,,,,,,,,,,,,,,,
3158,6th Ave NW Pocket Park,-122.363566,47.684202,,,,,,,,,,,,,,,yes,,,,,,,,,,,
4404,A. B. Ernst Park,-122.348826,47.650087,,yes,,,,,,,,,,,,,,,,,,,,,,yes,,
1000002,Adams Street Boat Ramp,-122.267178,47.565219,,,,,,,,,,,,,,,,,,,,,,,,,,
244,Albert Davis Park,-122.298752,47.72016,,yes,,,,yes,,,,,,,,,yes,,,,,,,,,,,
445,Alki Beach Park,-122.402173,47.582912,,yes,,,,yes,yes,,,,yes,yes,,,,yes,,,,,,,,yes,,
446,Alki Playground,-122.407312,47.578497,,yes,yes,yes,,,,,,,,,,yes,yes,yes,,yes,,,yes,,,,,
3914,Alvin Larkins Park,-122.288745,47.614318,,,,,,,,,,,,,,,,,,,,,,,,,,
426,Amy Yee Tennis Center,-122.29742,47.584876,,,,,,yes,,,,,,,,,,,,,,,yes,,,,,
2927,Andover Place,-122.409993,47.568517,,,,,,,,,,,,,,,,,,,,,,,,yes,,
1556,Arapahoe Triangle,-122.409139,47.65129,,,,,,,,,,,,,,,,,,,,,,,,,,
485,Arroyos Natural Area,-122.387822,47.505679,,,,,,,,,,,,,,,,,,,,,,,,,,
4081,Atlantic City Boat Ramp,-122.263078,47.522834,,,,,,,,,,,,,yes,,,yes,,,,,,,,,,
4243,Atlantic Street Park,-122.30566,47.589165,yes,,,,,,,,,,,,,,yes,,,,,,,,,,,
241,B.F. Day Playground,-122.349222,47.65603,,,yes,yes,,yes,,,,,,,,,yes,,,yes,,,,,,,,
4006,Bagley Viewpoint,-122.318347,47.643015,,,,,,,,,,,,,,,,,,,,,,,,yes,,
2840,Baker Park on Crown Hill,-122.374794,47.690119,,,,,,yes,,,,,,,,,yes,,,,,,,,,,,
4278,Ballard Commons Park,-122.385487,47.670549,,yes,,,,yes,,,,,,,,,,,yes,,yes,,,,,,,
4428,Ballard Corners Park,-122.379116,47.674186,,,,,,,,,,,,,,,yes,,,,,,,,,,,
497,Ballard Playground,-122.39155,47.672786,,yes,yes,,,yes,,,,,,,,,yes,,,yes,,,,,,,,
4073,Banner Way Triangle,-122.32343,47.685762,,,,,,,,,,,,,,,,,,,,,,,,,,
3703,Bar-S Playground,-122.416054,47.575195,,,yes,,,,,,,,yes,,,,,,,,,,,,,,,
303,Bayview Playground,-122.386786,47.643802,,,yes,yes,,,,,,,,,,,yes,yes,,yes,,,,,,yes,,
1000342,Bayview-Kinnear (Lower Kerry Park),-122.360626,47.628948,,,,,,,,,,,,,,,,,,,,,,,,,,
400,Beacon Hill Playground,-122.315325,47.586226,,,yes,yes,,yes,,,,,,,,,yes,yes,,yes,,,yes,,,,,yes
3119,Beacon Place,-122.318716,47.596236,,,,,,,,,,,,,,,,,,,,,,,,,,
4481,Beaver Pond Natural Area on Thornton Creek,-122.323168,47.703288,,,,,,,,,,,,,,,,,,,,,,,,,,
4028,Beck Place,-122.312027,47.671888,,,,,,,,,,,,,,,,,,,,,,,,,,
440,Beer Sheva Park,-122.263223,47.524191,,,,,,yes,,,,,yes,yes,,yes,yes,yes,,,,,,,,yes,,
4472,Bell Street Park,-122.344866,47.614696,,,,,,,,,,,,,,,,,,,,,,,,,,
4022,Bellevue Place,-122.327658,47.626904,,,,,,,,,,,,,,,,,,,,,,,,,,
4415,Belltown Cottage Park,-122.350776,47.613889,,,,,,,,,,,,,,,,,,,,,,,,,,
346,Belmont Place,-122.324408,47.625727,,,,,,,,,,,,,,,,,,,,,,,,,,
447,Belvedere Park,-122.376896,47.580673,,yes,,,,,,,,,,,,,,,,,,,,,,yes,,
475,Belvoir Place,-122.283215,47.655124,,,,,,,,,,,,yes,,,,,,,,,,,,yes,,
436,Benefit Playground,-122.284294,47.518998,,yes,,yes,,yes,,,,,yes,,,yes,yes,,yes,,,,,,,yes,,
4245,Benvenuto Viewpoint,-122.303029,47.589841,,,,,,,,,,,,,,,,,,,,,,,,yes,,
253,Bergen Place,-122.384495,47.66833,,yes,,,,,,,,,,,,,,,,,,,,,,,,
304,Bhy Kracke Park,-122.348403,47.630426,,,,,,yes,,,,,,,,,yes,,,,,,,,yes,yes,,
288,Bitter Lake Playfield,-122.349314,47.724209,,,yes,,,yes,,,,,,,,,yes,yes,,yes,,,yes,,,,,yes
4450,Bitter Lake Reservoir Open Space,-122.348583,47.731181,yes,yes,,,,,,,,,,,,,yes,,,,,,,,,,,
3907,Blaine Place,-122.364152,47.626809,,,,,,,,,,,,,,,,,,,,,,,,,,
4418,Blue Dog Pond,-122.297814,47.589982,,yes,,,yes,,,,,,,,,,,,,,,,,,,,,
238,Blue Ridge Circle,-122.380095,47.70439,,,,,,,,,,,,,,,,,,,,,,,,,,
239,Blue Ridge Place,-122.381171,47.703423,,,,,,,,,,,,,,,,,,,,,,,,,,
348,Boren Place,-122.320952,47.604999,,,,,,,,,,,,,,,,,,,,,,,,,,
349,Boylston Place,-122.32094,47.609976,,,,,,,,,,,,,,,,,,,,,,,,,,
401,Bradner Gardens Park,-122.295426,47.587419,,,,yes,,,,,,,,,,,yes,yes,,,,,,,,yes,,
402,Brighton Playfield,-122.2821,47.548387,,,yes,yes,,yes,,,,,yes,,,,yes,yes,,yes,,,yes,,,,yes,
3997,Broadview Park,-122.355836,47.717936,,,,,,,,,,,,,,,,,,,,,,,,,,
482,Bryant Neighborhood Playground,-122.283644,47.675299,,,,yes,,yes,,,,,,,,,yes,,,,,,yes,,,,,
496,Burke-Gilman Playground Park,-122.282623,47.666634,,yes,,yes,,,,,,,,,,,yes,yes,,,,,,,,,,
3102,Cal Anderson Park and Bobby Morris Playfield,-122.319134,47.617013,,yes,yes,,,yes,,,,,,,,,yes,yes,,yes,,,yes,,,,,yes
448,California Place,-122.386696,47.585641,,,,,,,,,,,,,,,,,,,,,,,,,,
4154,Camp Long,-122.373161,47.556242,,,,,,yes,,,,,yes,,,,,yes,,,,,,,yes,,,
240,Carkeek Park,-122.379763,47.712194,,,,,,yes,,,,,yes,yes,,yes,yes,yes,,,,,,,yes,yes,,
305,Carleton Center,-122.406385,47.639414,,,,,,,,,,,,,,,,,,,,,,,,,,
4049,Carleton Highlands,-122.415934,47.650028,,,,,,,,,,,,,,,,,,,,,,,,,,
3902,Cascade Place,-122.358092,47.666216,,,,,,,,,,,,,,,,,,,,,,,,,,
350,Cascade Playground,-122.332355,47.621405,,,,yes,,,,,,,,,,,yes,yes,,,,,,,,,,
4167,Cedar Park,-122.288042,47.725808,,,,,,yes,,,,,yes,,,,yes,,,,,,,,yes,,,
4448,Cesar Chavez Park,-122.32562,47.52678,,,,,,,,,,,,,,,,,,,,,,,,,,
80,Charles Richey Sr Viewpoint,-122.413877,47.57242,,,,,,,,,,,,yes,,,,,,,,,,,,yes,,
4214,Cheasty Boulevard,-122.299204,47.572682,,,,,,,,,,,,,,,,,,,,,,,,,,
258,Cheasty GS: Cheasty Blvd,-122.299204,47.572682,,,,,,,,,,,,,,,,,,,,,,,yes,,,
421,Chinook Beach Park,-122.258376,47.520135,,,,,,,,,,,,,,,,,,,,,,,,yes,,
595,Christie Park,-122.319072,47.659308,,,,yes,,yes,,,,,,,,,,,,,,,,,,,,
306,City Hall Park,-122.329875,47.602022,,yes,,,,,,,,,,,,,,,,,,,,,,,,
404,Cleveland Playfield,-122.315542,47.552012,,,,,,yes,,,,,,,,,,,,yes,,,,yes,yes,,,
3985,Coe Play Park,-122.365952,47.640108,,,,,,yes,,,,,,,,,yes,,,,,,,,,,,
3922,College Street Park,-122.294616,47.582697,,,,,,yes,,,,,,,,,,,,,,,,,,,,
260,College Street Ravine,-122.395546,47.583406,,,,,,,,,,,,,,,,,,,,,,,,,,
405,Colman Park,-122.288612,47.58547,,,,,,,,,,,,,,,,,,,,,,,yes,yes,,
406,Colman Playground,-122.301957,47.587625,,yes,yes,yes,,,,,,,,,,,yes,yes,,yes,,,,,,,,
4034,Columbia Park,-122.287394,47.559792,,yes,,,,,,,,,,,,,,,,,,,,,,yes,,
308,Commodore Park,-122.40014,47.66538,,,,,,yes,,,,,,,,,,,,,,,,,,yes,,
4017,Corliss Place,-122.330874,47.665198,,,,,,,,,,,,,,,,,,,,,,,,,,
295,Cormorant Cove,-122.412089,47.570984,,,,,,,,,,,,yes,,,,,,,,,,,,yes,,
4462,Cottage Grove Park,-122.365311,47.554364,,,,,,,,,,,yes,,,,,,,,,,,,,,,
4438,Counterbalance Park: An Urban Oasis,-122.356323,47.625683,,,,,,yes,,,,,,,,,,,,,,,,,,,,
483,Cowen Park,-122.313072,47.672596,,,yes,,,yes,,,,,,,,,yes,yes,,,,,,,yes,,,
4018,Crescent Place,-122.333029,47.684317,,,,,,,,,,,,,,,,,,,,,,,,,,
4070,Crown Hill Glen,-122.381394,47.693703,,,,,,,,,,,,,,,,,,,,,,,,,,
4469,Crown Hill Park,-122.373976,47.696071,,,,,,yes,,,,,,,,,yes,,yes,,,,,,,,,
4400,Daejeon Park,-122.312163,47.59192,,,,,,,,,,,,,,,,,,,,,,,,yes,,
499,Dahl Playfield,-122.299309,47.685267,,,yes,yes,,,,,,,,,,,yes,yes,yes,yes,,,,,,,,yes
575,Dakota Place Park,-122.387164,47.566844,,,,,,,,,,,,,,,,,,,,,,,,,,
331,David Rodgers Park,-122.359484,47.644135,,,,,,yes,,,,,,,,,yes,yes,,,,,yes,,,,,
4082,Day Street Boat Ramp,-122.285154,47.59026,,,,,,,,,,,,,yes,,,,,,,,,,,yes,,
408,Dearborn Park,-122.296225,47.553389,,,,,,yes,,,,,yes,,,,yes,,,,,,,,yes,,,
450,Delridge Playfield,-122.364371,47.562842,yes,yes,yes,yes,,yes,,,,,yes,,,,yes,yes,yes,yes,,,yes,,,,,yes
3980,Denny Blaine Lake Park,-122.284838,47.61833,,,,,,,,,,,,,,,,,,,,,,,,,,
3982,Denny Blaine Park,-122.280548,47.62011,,,,,,,,,,,,,,,,,,,,,,,,yes,,
309,Denny Park,-122.341049,47.61913,,yes,,,yes,yes,,,,,,,,,yes,,,,,,,,,,,
310,Discovery Park,-122.415282,47.66083,,,,yes,,yes,,,,,,,,,yes,yes,,,,,yes,,yes,yes,,
3917,Don Armeni Park,-122.382295,47.59274,,,,,,yes,,,,,,,yes,yes,,yes,,,,,,,,yes,,
395,Dr. Blanche Lavizzo Park,-122.304179,47.600278,,,,,,yes,,,,,yes,,,,yes,yes,,,,,,,,,,
433,Dr. Jose Rizal Park,-122.318094,47.593859,,yes,,,yes,yes,,,,,yes,,,yes,yes,yes,,,,,,,yes,yes,,
705,Duwamish Waterway Park,-122.319694,47.531156,,,,,,,,,,,yes,yes,,,,,,,,,,,,yes,,
458,E.C. Hughes Playground,-122.369545,47.532805,,,yes,yes,,,,,,,yes,,,,yes,yes,,yes,,,,,,,,yes
374,East Montlake Park,-122.301441,47.646662,,,,,,,,,,,,,,,,,,,,,,,,,,
4241,East Portal Viewpoint,-122.287893,47.590222,,,,,,,,,,,,,,,,,,,,,,,,yes,,
329,East Queen Anne Playground,-122.353786,47.636139,,,yes,,,yes,,,,,,,,,yes,yes,,yes,,,,,,,,yes
3977,Eastlake Triangle,-122.328918,47.62841,,,,,,,,,,,,,,,,,,,,,,,,,,
4012,Eastmont Place,-122.405566,47.637689,,,,,,,,,,,,,,,,,,,,,,,,yes,,
1000003,Eddie Vine Boat Ramp,-122.403454,47.686852,,,,,,,,,,,,,,,,,,,,,,,,,,
318,Ella Bailey Park,-122.39106,47.640584,,,,,,yes,,,,,yes,,,,yes,,,,,,,,,yes,,
3920,Emma Schmitz Memorial Overlook,-122.40712,47.562898,,,,,,yes,,,,,,,,,,,,,,,,,,yes,,
1653,Endolyne Park,-122.39438,47.514542,,,,,,,,,,,,,,,,,,,,,,,,,,
4454,Ercolini Park,-122.394275,47.515021,,,,,,,,,,,,,,,yes,,,,,,,,,,,
452,Fairmount Playfield,-122.380549,47.554041,,,yes,,,yes,,,,,,,,,yes,yes,,yes,,,,,,,,
2975,Fairview Park,-122.325368,47.647413,,,,,,,,,,,,yes,,,,,,,,,,,,yes,,
4155,Fairview Walkway,-122.328967,47.630501,,,,,,,,,,,,yes,,,,,,,,,,,,,,
3149,Fauntleroy Creek Ravine,-122.392498,47.522599,,yes,,,,,,,,,,,,,,,,,,,,,,,,
453,Fauntleroy Park,-122.383222,47.5192,,,,,,,,,,,,,,,,,,,,,,,yes,,,
3921,Fauntleroy Place,-122.379834,47.562715,,,,,,,,,,,,,,,,,,,,,,,,,,
413,Ferdinand Street Boat Ramp,-122.264912,47.561358,,,,,,,,,,,yes,yes,,yes,,,,,,,,,,,,
351,Firehouse Mini Park,-122.308558,47.608448,,,,,,yes,,,,,,,,,yes,,,,,,,,,,,
3910,First Hill Park,-122.325512,47.611906,,,,,,yes,,,,,,,,,,,,,,,,,,,,
3948,Fletcher Place,-122.261484,47.519093,,,,,,,,,,,,,,,,,,,,,,,,,,
363,Flo Ware Park,-122.295868,47.599557,,,,yes,,,,,,,,,,,yes,,,,,,,,,,,
312,Freeway Park - Jim Ellis Freeway Park,-122.330904,47.609472,,yes,,,,,,,,,,,,,,,,,,,,,,,,
4011,Fremont Canal Park,-122.357864,47.651802,,yes,,,,,,,,,,,,,,,,,,,,,,yes,,
4424,Fremont Peak Park,-122.356671,47.661108,,,,,,,,,,,,,,,,,,,,,,,,yes,,
392,Frink Park,-122.290256,47.599506,,,,,,,,,,,,,,,,,,,,,,,yes,,,
287,Froula Playground,-122.313978,47.680538,,yes,,,,,,,,,,,,,yes,,,,,,yes,,,,,
353,Garfield Playfield,-122.301412,47.607098,,yes,yes,,,yes,,,yes,,yes,,,,yes,yes,,,,,yes,,,,,
293,Gas Works Park,-122.334906,47.645639,,yes,,,,yes,,,,,yes,,,yes,yes,yes,,,,,,,,yes,,
409,Genesee Park and Playfield,-122.278744,47.564856,,,,,yes,yes,,,,,yes,,,yes,yes,yes,,yes,,,,,yes,,,
410,Georgetown Playfield,-122.321396,47.55162,,,yes,yes,,yes,,,,,,,,,yes,yes,,yes,yes,,yes,,,,,
3759,Gerber Park,-122.296568,47.607709,,,,,,,,,,,,,,,,,,,,,,,,,,
242,Gilman Playground,-122.369684,47.667292,,,yes,yes,,yes,,,,,,,,,yes,yes,,yes,,,yes,,,,,yes
243,Golden Gardens Park,-122.403454,47.686852,,yes,,,yes,yes,yes,yes,,,yes,yes,yes,yes,yes,yes,,,,,,,yes,yes,yes,
354,Grand Army of the Republic Cemetery,-122.316261,47.636461,,,,,,,,,,,,,,,,,,,,,,,,,,
307,Green Lake Park,-122.330394,47.678938,,yes,yes,yes,,yes,,yes,,,yes,yes,,,yes,yes,,yes,,yes,yes,,,,,yes
4408,Greenwood Park,-122.350647,47.693048,,,,,,yes,,,,,,,,,yes,yes,,,,,,,,,,
245,Greenwood Triangle,-122.361032,47.668902,,,,,,,,,,,,,,,,,,,,,,,,,,
4157,Greg Davis Park,-122.366001,47.55437,,,,,,,,,,,,,,,,,,,,,,,,,,
454,Hamilton Viewpoint Park,-122.38907,47.590748,,,,,,yes,,,,,,,,,,,,,,,,,,yes,,
355,Harborview Park,-122.323693,47.603014,,,,,,,,,,,,,,,,,,,,,,,,,,
356,Harrison Ridge Greenbelt,-122.290339,47.619711,,,,,,,,,,,,,,,,,,,,,,,,,,
3695,Harvard-Miller/Roanoke Annex,-122.321643,47.641091,,,,,,,,,,,,,,,,,,,,,,,,,,
4412,Herring's House Park (T'ul'altx),-122.349545,47.561514,,,,,,,,,,,,,,,,,,,,,,,,yes,,
456,Hiawatha Playfield,-122.384965,47.578272,yes,,yes,yes,,yes,,,yes,,,,,,yes,yes,,yes,,,yes,,,,,yes
3983,Highland Drive Parkway,-122.353337,47.629736,,,,,,,,,,,,,,,,,,,,,,,,,,
457,Highland Park Playground,-122.349034,47.52738,,yes,yes,,,yes,,,,,,,,,yes,yes,,yes,yes,,yes,,,,,
3979,Highland Place,-122.355466,47.629656,,,,,,,,,,,,,,,,,,,,,,,,,,
358,Hing Hay Park,-122.325435,47.598609,yes,yes,,,,yes,,,,,,,,yes,,,,,,,,,,,,
4413,Hitt's Hill Park,-122.28455,47.554207,,,,,,,,,,,,,,,,,,,,,,,yes,,,
4426,Homer Harris Park,-122.300994,47.617309,,,,,,,,,,,yes,,,,yes,,,,,,,,,yes,,
43,Horiuchi Park,-122.318982,47.603132,,,,,,,,,,,,,,,,,,,,,,,,yes,,
3927,Horton Hill Corridor,-122.287187,47.573846,,,,,,,,,,,,,,,,,,,,,,,,,,
359,Howell Park,-122.280313,47.617518,,,,,,,,,,,,,,,,,,,,,,,,yes,,
4456,Hubbard Homestead,-122.324674,47.709964,yes,,,,,,,,,,,,,,,,yes,,,,,,,,,
4032,Hunter Boulevard,-122.285153,47.573877,,,,,,,,,,,,,,,,,,,,,,,,,,
439,Hutchinson Playground,-122.260062,47.514312,,,yes,yes,,yes,,,,,,,,,yes,yes,,yes,,,yes,,,,,
3905,Hyde Place,-122.282887,47.632304,,,,,,,,,,,,,,,,,,,,,,,,,,
4446,I-5 Colonnade,-122.323409,47.634898,,yes,,,yes,,,,,,,,,,,,,,,,,,,yes,,
3887,Interbay Athletic Complex,-122.379191,47.647239,,,yes,,,yes,,,yes,,,,,,,yes,,yes,,,,,,,,
313,Interbay Golf,-122.378455,47.643753,,,,,,,,,,,,,,,,,,,,,,,,,,
3023,Interlaken Park,-122.308316,47.636257,,,,,,,,,,,,,,,,,,,,,,,yes,,,
364,International Children's Park,-122.323412,47.596897,,yes,,,,yes,,,,,,,,,yes,,,,,,,,,,,
4001,Inverness Ravine Park,-122.280809,47.691145,,,,,,,,,,,,,,,,,,,,,,,,,,
327,Jackson Park Golf Course,-122.319103,47.729254,,yes,,,,,,,,,,,,,,,,,,,,,yes,,,
1000393,Japanese Garden,-122.2952,47.627312,,,,,,,,,,,,,,,,,,,,,,,,,,
114,Jefferson Park,-122.311441,47.568067,,yes,yes,yes,,yes,,,,,,,,yes,yes,yes,yes,yes,yes,,yes,,yes,yes,,
4153,Jefferson Park Golf Course,-122.305242,47.567202,,,,,,yes,,,,,,,,,,,,,,,,,,,,
3121,Jimi Hendrix Park,-122.300842,47.588907,,,,,,,,,,,,,,,,,,,,,,,,,,
429,"John C. Little, Sr. Park",-122.286686,47.539048,yes,,,yes,,yes,,,,,yes,,,yes,yes,yes,,,yes,,,,,,,
4244,Judge Charles M. Stokes Overlook,-122.306962,47.591632,,,,,,,,,,,,,,,,,,,,,,,,,,
397,Judkins Park and Playfield,-122.303951,47.592425,,,yes,yes,,,,,yes,,,,,yes,yes,yes,yes,yes,yes,,yes,,,,,
4455,Junction Plaza,-122.385491,47.561204,,,,,,,,,,,,,,,,,,,,,,,,,,
3122,Katie Black's Garden,-122.317642,47.590421,,,,,,,,,,yes,,,,,,,,,,,,,,,,
342,Kerry Park,-122.359874,47.629023,,yes,,yes,,yes,,,,,,,,,yes,,,,,,,,,yes,,
3880,Keystone Place,-122.333769,47.670304,,,,,,,,,,,,,,,,,,,,,,,,,,
459,Kilbourne Park,-122.388277,47.52133,,,,,,,,,,,,,,,,,,,,,,,,,,
4480,Kingfisher Natural Area on Thornton Creek,-122.312411,47.704889,,,,,,,,,,,,,,,,,,,,,,,,,,
314,Kinnear Park,-122.367207,47.627317,,,,,yes,yes,,,,,,,,,yes,yes,,,,,yes,,yes,yes,,
4468,Kirke Park,-122.368021,47.680338,,,,,,,,,,,,,,,yes,,,,,,,,,,,
246,Kiwanis Memorial Preserve Park,-122.401004,47.66197,,,,,,,,,,,,,,,,,,,,,,,yes,yes,,
4429,Kiwanis Memorial Preserve Park,-122.403237,47.660251,,,,,,,,,,,,,,,,,,,,,,,,,,
3915,Kobe Terrace,-122.324494,47.60042,,,,,,,,,,,,,,,,,,,,,,,,,,
415,Kubota Garden,-122.266125,47.513543,,,,,,,,,,yes,,,,,,,,,,,,,,,,
333,Lake City Memorial Triangle,-122.295266,47.718819,,,,,,,,,,,,,,,,,,,,,,,,,,
487,Lake City Mini Park,-122.295875,47.71911,,,,,,,,,,,,,,,,,,,,,,,,,,
4439,Lake People Park (Xacua'bs),-122.292012,47.569133,,,,,,,,,,,,,,,,,,,,,,,yes,yes,,
344,Lake Union Park,-122.338848,47.627015,,yes,,,,yes,,,,,,yes,,,,,,,yes,,,,,yes,,
411,Lakeridge Park,-122.247429,47.506033,,,,,,,,,,,,,,,,,,,,,,,yes,,,
3972,Lakeridge Playfield,-122.246841,47.510319,,,yes,yes,,yes,,,,,,,,,yes,yes,,,,,yes,,,,,
365,Lakeview Park,-122.284732,47.62205,,,,,,,,,,,,,,,,,,,,,,,yes,yes,,
366,Lakeview Place,-122.325705,47.62939,,,,,,,,,,,,,,,,,,,,,,,,,,
4040,Lakewood Moorage,-122.268295,47.562981,,,,,,,,,,,,yes,,,,,,,,,,,,,,
414,Lakewood Playfield,-122.27006,47.558831,,,yes,,,yes,,,,,,,,,yes,yes,,yes,,,,,,,,
4024,Lakewood Triangle,-122.28372,47.576058,,,,,,,,,,,,,,,,,,,,,,,,,,
3096,Lambert Place,-122.283837,47.632017,,,,,,,,,,,,,,,,,,,,,,,,,,
3929,Landing Parkway,-122.283396,47.573861,,,,,,,,,,,,,,,,,,,,,,,,,,
340,Laurelhurst Playfield,-122.278019,47.65989,,yes,yes,,,yes,,,,,,,,,yes,,,yes,,,yes,,,,,
4162,Laurelhurst Triangle,-122.277487,47.652696,,,,,,,,,,,,,,,,,,,,,,,,,,
4482,LaVilla Meadows Natural Area on Thornton Creek,-122.299926,47.701262,,,,,,,,,,,,,,,,,,,,,,,,,,
316,Lawton Park,-122.391158,47.655065,,,yes,,,,,,,,,,,,yes,,,yes,,,,,yes,,,
367,Leschi Park,-122.286548,47.600931,,,,,,yes,,,,,,yes,yes,,yes,yes,,,,,yes,,yes,yes,,
263,Leschi-Lake Dell Natural Area,-122.287835,47.604695,,,,,,,,,,,,,,,,,,,,,,,,,,
4076,Lewis Park,-122.314435,47.592857,,,,,,,,,,,,,,,,,,,,,,,,,,
4479,Licorice Fern Natural Area on Thornton Creek,-122.315433,47.723106,,,,,,,,,,,,,,,,,,,,,,,,,,
286,Licton Springs Park,-122.338735,47.698542,,,,,,yes,,,,,yes,,,,yes,yes,,,,,,,yes,,,
460,Lincoln Park,-122.396012,47.531176,,yes,yes,,,yes,,,yes,,yes,yes,,yes,yes,yes,,yes,,,,,yes,yes,,yes
4419,Linden Orchard Park,-122.347727,47.678016,,,,,,,,,,,,,,,yes,,,,,,,,,,,
297,Little Brook Park,-122.294567,47.731387,,,,,,yes,,,,,,,,,yes,yes,,,,,,,,,,
301,Llandover Woods Greenspace,-122.364545,47.733024,,,,,,,,,,,,,,,,,,,,,,,yes,,,
264,Longfellow Creek Greenspace,-122.363435,47.530167,,yes,,,,,,,,,,,,,,,,,,,,,yes,,,
362,Louisa Boren Park,-122.311628,47.635274,,yes,,,,,,,,,,,,,,,,,,,,,yes,,,
461,Lowman Beach Park,-122.396728,47.540367,,,,,,,,,,,,yes,,,yes,,,,,,yes,,,yes,,
289,Loyal Heights Playfield,-122.38324,47.684106,,,yes,yes,,yes,,,yes,,,,,,yes,,,yes,,,,,,,,
4075,Lynn Street Mini Park,-122.32975,47.639849,,,,,,yes,,,,,,,,,,,,,,,,,,yes,,
4422,MacLean Park,-122.345276,47.636191,,,,,,,,,,,,,,,,,,,,,,,,yes,,
369,Madison Park,-122.276602,47.635779,,,,,,yes,,,,,,,,,yes,yes,,,,yes,yes,,,yes,,
4441,Madison Park North Beach,-122.276118,47.639084,,,,,,,,,,,,,,,yes,,,,,,,,,yes,,
4005,Madrona Briar Patch,-122.284261,47.615231,,,,,,,,,,,,,,,,,,,,,,,,,,
370,Madrona Park,-122.282679,47.609299,,,,,,yes,,yes,,,yes,,,yes,yes,yes,,,,yes,,,yes,yes,,
371,Madrona Playground,-122.289885,47.611022,,,,yes,,yes,,,,,,,,,yes,yes,,yes,,,yes,,,,,
2856,Madrona Ravine,-122.285412,47.611456,,,,,,,,,,,,,,,,,,,,,,,,,,
492,Magnolia Greenbelt,-122.389073,47.636006,,,,,,,,,,,,,,,,,,,,,,,,,,
747,Magnolia Manor Park,-122.390877,47.651085,,,,,yes,,,,,,,,,,,,,,,,,,,,,
317,Magnolia Park,-122.398993,47.632366,,,,,,yes,,,,,yes,,,yes,yes,yes,,,,,yes,,,yes,,
319,Magnolia Playfield,-122.399472,47.643746,,,yes,,,yes,,,,,,,,,yes,yes,,yes,,,yes,,,,,
2970,Magnolia Tidelands Park,-122.391648,47.630922,,,,,,,,,,,,,,,,,,,,,,,,,,
111110,Magnuson Park,-122.255084,47.680304,,,,,,,,,,,,,,,,,,,,,,,,,,
4434,Maple Leaf Community Garden,-122.322269,47.70326,,,,,,,,,,,,,,,,,,,,,,,,,,
3881,Maple Leaf Resevoir Park,-122.315613,47.689015,,yes,yes,,,,,,,,,,,,yes,yes,,yes,,,,,,,,
1630,Maple School Ravine,-122.308342,47.551071,,,,,,,,,,,,,,,,,,,,,,,,,,
418,Maple Wood Playfield,-122.318845,47.560041,,,yes,yes,,yes,,,,,,,,,yes,yes,,yes,,,,,,,,
4447,Marra-Desimone Park,-122.329372,47.522124,,,,,,,,,,,,,,,,,,,,,,,,,,
320,Marshall Park,-122.366805,47.629436,,yes,,,,,,,,,,,,,,,,,,,,,,yes,,
432,Martha Washington Park,-122.260054,47.542398,,,,,,,,,,,,yes,,,,,,,,,,,yes,yes,,
3923,"Martin Luther King, Jr. Memorial",-122.297165,47.582756,,yes,,,,,,,,,,,,,,,,,,,,,,yes,,
298,Marvin's Garden,-122.384972,47.667976,,yes,,,,,,,,,,,,,,,,,,,,,,,,
347,Matthews Beach Park,-122.271785,47.694564,,,,yes,,yes,,,,,yes,yes,,yes,yes,yes,,,,yes,,,yes,yes,,
321,Mayfair Park,-122.353356,47.643241,,,,,,yes,,,,,,,,,yes,,,,,,,,,,,
3918,McClellan Place,-122.311648,47.578695,,,,,,,,,,,,,,,,,,,,,,,,,,
4013,McGilvra Boulevard,-122.282116,47.626925,,,,,,,,,,,,,,,,,,,,,,,,yes,,
4008,McGilvra Place,-122.313032,47.614233,,,,,,,,,,,,,,,,,,,,,,,,,,
339,McGraw Square,-122.337587,47.61299,,,,,,,,,,,,,,,,,,,,,,,,,,
352,Meadowbrook Playfield,-122.293493,47.705771,,,yes,,,yes,,,,,,,,,yes,yes,,,,,yes,,yes,,,
268,Me-Kwa-Mooks Natural Area,-122.403424,47.563782,,,,,,,,,,,,,,,,,,,,,,,,,,
473,Me-Kwa-Mooks Park,-122.404006,47.563167,,,,,,,,,,,yes,,,yes,,,,,,,,,yes,,,
1104,Meridian Playground,-122.332557,47.664159,,yes,,yes,,yes,,,,,yes,,,yes,yes,yes,,,,,,,,,,
373,Miller Playfield,-122.306261,47.621433,,yes,yes,yes,,yes,,,,,,,,,yes,,,yes,yes,,yes,,,,,
4015,Miller Triangle,-122.305711,47.620311,,,,,,,,,,,,,,,,,,,,,,,,,,
291,Mineral Springs Park,-122.336528,47.705755,,yes,,,,,,,,,,,,,,,,,,,,,,,,
277,Mock Creek Ravine,-122.28962,47.699037,,,,,,,,,,,,,,,,,,,,,,,,,,
4021,Montlake Boulevard,-122.30474,47.645971,,,,,,,,,,,,,,,,,,,,,,,,,,
376,Montlake Playfield,-122.310081,47.642407,yes,,yes,,,,,,yes,,,,,,yes,yes,,yes,,,yes,yes,,yes,,
4460,Morgan Junction,-122.387528,47.545507,,,,,,,,,,,,,,,,,,,,,,,,,,
419,Mt. Baker Park,-122.288481,47.580957,,yes,,,,yes,,yes,,,,,,,yes,yes,,,,yes,yes,,yes,,,
4427,Mt. Baker Ridge Viewpoint,-122.292616,47.589983,,,,,,yes,,,,,,,,,,,,,,,,,,yes,,
4019,Mt. Claire Park,-122.28642,47.580737,,,,,,,,,,,,,,,,,,,,,,,,yes,,
311,Myrtle Edwards Park,-122.36087,47.618767,,yes,,,,,,,,,,,,,,,,,,,,,,yes,,
4463,Myrtle Reservoir,-122.376716,47.539206,,,,,,,,,,,,,,,yes,,,,,,,,,,,
3916,Nantes Park,-122.397063,47.579565,,,,,,,,,,,,,,,,,,,,,,,,,,
4023,Nathan Hale Playfield,-122.292028,47.707715,,,,,,,,,,,,,,,,,,,,,,,,,,
3975,NE 60th Street Park,-122.322634,47.671728,,,,,,,,,,,,,,,,,,,,,,,,,,
4403,Nora's Woods,-122.294573,47.608732,,,,,,,,,,,,,,,,,,,,,,,,,,
247,North Beach Park,-122.390258,47.69471,,,,,,,,,,,,,,,,,,,,,,,,,,
2956,North Passage Point Park,-122.322428,47.653963,,,,,,,,,,,,,,,,,,,,,,,,yes,,
361,Northacres Park,-122.326124,47.721775,,,yes,,yes,yes,,,,,yes,,,yes,yes,yes,,yes,yes,,,,yes,,,
279,Northeast Queen Anne Greenbelt,-122.345011,47.635866,,,,,,,,,,,,,,,,,,,,,,,yes,,,
4445,Northgate Park,-122.322424,47.705194,,yes,,,,,,,,,,,,,,,,,,,,,,,,
4452,Northlake Park,-122.320826,47.654365,,,,,,,,,,,,,,,,,,,,,,,,yes,,
4161,Northwest 60th St. Viewpoint,-122.40656,47.672184,,,,,,,,,,,,,,,,,,,,,,,,yes,,
322,Observatory Courts,-122.355134,47.631342,,,,,,yes,,,,,,,,,,,,,,,,,,,,
323,Occidental Square,-122.333272,47.600463,,yes,,,,,,,,,,,,yes,yes,,,,,,,,,,,
4414,Olympic Sculpture Park,-122.35418,47.616577,,,,,,,,,,,,,,,,,,,,,,,,,,
3005,Open Water Park,-122.386693,47.629555,,,,,,,,,,,,,,,,,,,,,,,,,,
300,Orchard Street Ravine,-122.380151,47.538315,,,,,,,,,,,,,,,,,,,,,,,,,,
403,Othello Playground,-122.278105,47.536214,,,,yes,,,,,,,yes,,,yes,yes,yes,,,,,,,,,,
4416,Oxbow Park,-122.321583,47.54499,,,,,,,,,,,,,,,yes,,,,,,,,,,,
4027,Park Home Circle,-122.305464,47.67005,,,,,,,,,,,,,,,,,,,,,,,,,,
4009,Parkmont Place,-122.410083,47.640142,,,,,,,,,,,,,,,,,,,,,,,,,,
324,Parsons Gardens,-122.366082,47.629868,,,,,,,,,,yes,,,,,,,,,,,,,,,,
4029,Peace Park,-122.323616,47.65543,,yes,,,,,,,,,,,,,,,,,,,,,,,,
237,Pelly Place Natural Area,-122.39309,47.541492,,,,,,,,,,,,,,,,,,,,,,,,,,
378,Peppi's Playground,-122.290602,47.602723,,,,,,,,,,,,,,,yes,yes,,,,,,,,,,yes
274,Piers 62 and 63,-122.345237,47.608656,,,,,,,,yes,,,,,,,,,,,,,,,,yes,,
282,Pigeon Point Park,-122.356966,47.563271,,,,,,,,,,,,,,,,,,,,,,,yes,,,
382,Pinehurst Playground,-122.314628,47.716436,,,yes,yes,,yes,,,,,yes,,,,yes,,,yes,,,,,,,,
4444,Pinehurst Pocket Park,-122.308222,47.714186,,,,,,,,,,,,,,,,,,,,,,,,,,
325,Pioneer Square,-122.333886,47.602076,,yes,,,,yes,,,,,,,,,,,,,,,,,,,,
275,Pipers Creek Natural Area,-122.364699,47.714678,,,,,,,,,,,,,,,,,,,,,,,,,,
387,Plum Tree Park,-122.299142,47.617053,,,,,,,,,,,,,,,yes,,,,,,,,,,,
4000,Plymouth Pillars Park,-122.329092,47.614124,,,,,yes,yes,,,,,,,,,,,,,,,,,,yes,,
345,Powell Barnett Park,-122.295998,47.605197,yes,,,yes,,yes,,,,,yes,,,,yes,yes,,,,,,,,,,yes
390,Pratt Park,-122.307257,47.601407,,yes,,yes,,,,,,,yes,,,yes,yes,yes,,,yes,,,,,,,
326,Prefontaine Place,-122.330883,47.601844,,yes,,,,yes,,,,,,,,,,,,,,,,,,,,
357,Prentis I. Frazier Park,-122.301614,47.622895,,,,yes,,,,,,,,,,,yes,,,,,,,,,,,
420,Pritchard Island Beach,-122.26283,47.528948,,,,,,,,,,,,,,,,,,,,yes,,,yes,yes,,
4158,Puget Boulevard Commons,-122.365575,47.555356,,,,,,,,,,,,,,,yes,,,,,,,,,,,
3993,Puget Creek Greenspace,-122.358556,47.55187,,,,,,,,,,,,,,,,,,,,,,,,,,
462,Puget Park,-122.356922,47.558473,,,,,,,,,,,,,,,,,,,,,,,yes,,,
4201,Puget Ridge Playground,-122.359947,47.547368,,,,,,yes,,,,,yes,,,,yes,,,,,,,,,,,
3984,Queen Anne Bowl Playfield,-122.359711,47.645599,,,,,,yes,,,,,,,,,,,,yes,,,,yes,,,,
4045,Rainbow Point,-122.320476,47.682713,,,,,,,,,,,,,,,,,,,,,,,,yes,,
422,Rainier Beach Playfield,-122.273136,47.525041,yes,,yes,,,yes,,,,,,,,,yes,yes,,yes,,,yes,,,,,
3999,Rainier Place,-122.359434,47.667567,,,,,,,,,,,,,,,,,,,,,,,,,,
423,Rainier Playfield,-122.2862,47.561817,,,yes,yes,,yes,,,yes,,yes,,,,yes,yes,,,,,yes,,,,,
391,Ravenna Park,-122.305705,47.671404,,,yes,yes,,yes,,,,,yes,,,yes,yes,yes,,yes,,,yes,,yes,,,yes
4080,Ravenna Park Triangle,-122.30367,47.668089,,,,,,,,,,,,,,,,,,,,,,,,,,
254,Ravenna Ravine,-122.301707,47.674823,,,,,,,,,,,,,,,,,,,,,,,,,,
4411,Ravenna Woods,-122.303161,47.662559,,,,,,,,,,,,,,,,,,,,,,,,,,
488,Ravenna-Eckstein Park,-122.304964,47.676873,,yes,,yes,,yes,,,,,,,,,yes,,,yes,,,yes,,,,,
336,Regrade Park,-122.344776,47.614346,,yes,,,yes,yes,,,,,,,,,,,,,,,,,,,,
463,Riverview Playfield,-122.348688,47.54101,,,yes,yes,,yes,,,yes,,,,,,yes,yes,,yes,,,yes,,yes,,,
379,Roanoke Park,-122.320185,47.643723,,,,,,,,,,,,,,,yes,,,,,,,,,,,
9064,Roanoke St. Mini Park,-122.329327,47.643193,,,,,,yes,,,,,,,,,,,,,,,,,,,,
380,Rogers Playground,-122.325257,47.642601,,,yes,,,yes,,,,,,,,,yes,yes,,,,,yes,,,,,
248,Ross Playground,-122.361347,47.659718,,,yes,yes,,yes,,,,,,,,,yes,,,,,,,,,,,
4465,Rotary Viewpoint,-122.375859,47.560222,,yes,,,,,,,,,,,,,,,,,,,,,,yes,,
464,Roxhill Park,-122.368881,47.519496,,,yes,,,,,,,,yes,,,yes,yes,yes,yes,yes,,,,,yes,,,
394,Sacajawea Playground,-122.308132,47.697132,,,,,,,,,,,,,,,yes,,,,,,,,,,,
249,Salmon Bay Park,-122.381343,47.679297,,,,,,yes,,,,,,,,,yes,yes,,,,,,,,,,
4242,Sam Smith Park,-122.297814,47.589982,yes,yes,,,,yes,,,,,,,,,yes,,,yes,,,yes,,,yes,,
250,Sandel Playground,-122.358701,47.695134,,yes,,yes,,yes,,,,,,,,,yes,yes,,,,,,,,,,yes
4236,Schmitz Boulevard,-122.405592,47.577899,,,,,,,,,,,,,,,,,,,,,,,,,,
465,Schmitz Preserve Park,-122.400425,47.574375,,,,,,,,,,,,,,,,,,,,,,,yes,,,
455,Seacrest Park,-122.381226,47.589941,,,,,,yes,,yes,,,,yes,,,,yes,,,,,,,,yes,,
335,Seattle Aquarium,-122.342836,47.607411,,,,,,,,,,,,,,,,,,,,,,,,,,
466,Seola Park,-122.374332,47.50039,,,,,,,,,,,,,,,,,,,,,,,yes,yes,,
4466,Seven Hills Park,-122.312534,47.617684,,,,,,,,,,,yes,,,,,,,,,,,,,,,
428,Seward Park,-122.250639,47.54923,,yes,,,,yes,,yes,,,yes,yes,,yes,yes,yes,,,,yes,yes,,yes,yes,,
3928,Sierra Place,-122.282492,47.573282,,,,,,,,,,,,,,,,,,,,,,,,,,
4433,Smith Cove,-122.387679,47.632602,,,,,,yes,,,,,,,,,,,,,,,,,,yes,,
4453,Solstice Park,-122.390347,47.536414,,,,,,yes,,,,,,,,,,,,,,,yes,,yes,,,
251,Soundview Playfield,-122.378878,47.695416,,,yes,,,yes,,,yes,,,,,,yes,yes,,yes,,,yes,,,yes,,yes
3987,Soundview Terrace,-122.37141,47.640849,,,,,,,,,,,,,,,yes,,,,,,,,,,,
4048,South Park Meadow,-122.323649,47.520795,,,,,,,,,,,,,,,,,,,,,,,,,,
467,South Park Playground,-122.324159,47.528016,,,yes,,,yes,,,,,yes,,,,yes,,,yes,,,yes,,,,yes,yes
377,South Passage Point Park,-122.322486,47.652087,,,,,,,,,,,,yes,,,,,,,,,,,,yes,,
381,Spring Street Mini Park,-122.3124,47.611801,,,,,,,,,,,,,,,yes,,,,,,,,,,,
3117,Spruce Street Mini Park,-122.304648,47.603091,,,,,,yes,,,,,,,,,yes,,,,,,,,,,,
2848,St. Mark's Greenbelt,-122.322174,47.63115,,,,,,,,,,,,,,,,,,,,,,,yes,,,
425,Stan Sayres Memorial Park,-122.277162,47.571222,,,,,,,,,,,,,,,,,,,,,,,,,,
3919,Stevens Place,-122.310563,47.577122,,,,,,,,,,,,,,,,,,,,,,,,,,
3981,Stevens Triangle,-122.283592,47.619443,,,,,,,,,,,,,,,,,,,,,,,,,,
592,Sturgus Park,-122.314376,47.59409,,yes,,,,,,,,,,,,,,,,,,,,,,yes,,
290,Sturtevant Ravine,-122.268561,47.51783,,,,,,,,,,,,,,,,,,,,,,,,,,
383,Summit Place,-122.325708,47.627081,,,,,,,,,,,,,,,,,,,,,,,,,,
4461,Summit Slope Park,-122.325298,47.619832,,,,,,,,,,,yes,,,,,,yes,,,,,,,,,
3903,Sunnyside Ave N Boat Ramp,-122.330723,47.650292,,,,,,,,,,,,,yes,,,,,,,,,,,yes,,
252,Sunset Hill Park,-122.400938,47.684034,,,,,,,,,,,,,,,,,,,,,,,,yes,,
3901,Sunset Place,-122.357602,47.666686,,,,,,yes,,,,,,,,,,,,,,,,,,,,
234,SW Queen Anne Greenbelt,-122.373209,47.633353,,,,,,,,,,,,,,,,,,,,,,,yes,,,
3913,T.T. Minor Playground,-122.310543,47.613111,,,,,,yes,,,,,,,,,yes,,,,,,,,,,,
384,Tashkent Park,-122.323444,47.62379,,,,,,,,,,,,,,,,,,,,,,,,,,
3889,Terry Pettus Park,-122.329689,47.636742,,,,,,,,,,,,yes,,,,,,,,,,,,yes,,
4014,Thayer Place,-122.250038,47.510613,,,,,,,,,,,,,,,,,,,,,,,,,,
1106,Thomas C. Wales Park,-122.344468,47.640523,,yes,,,,,,,,,,,,,,,,,,,,,,,,
386,Thomas St. Mini Park,-122.326216,47.621036,,,,,,,,,,,,,,,,,,,,,,,,,,
343,Thorndyke Park,-122.390161,47.635099,,,,,,,,,,,,,,,,,,,,,,,,,,
416,Thornton Creek Park #1,-122.307629,47.707034,,,,,,,,,,,,,,,,,,,,,,,yes,,,
4405,Thyme Patch Park,-122.395214,47.670709,,,,,,,,,,,,,,,,,,,,,,,,,,
3909,Tilikum Place,-122.347411,47.618382,,yes,,,,,,,,,,,,,,,,,,,,,,,,
4421,Trolley Hill Park,-122.347039,47.635143,,,,,,,,,,,,,,,yes,,,,,,,,,yes,,
4007,Union Station Square,-122.330086,47.599362,,,,,,,,,,,,,,,,,,,,,,,,,,
424,University Circle,-122.275181,47.67203,,,,,,,,,,,,,,,,,,,,,,,,,,
3998,University Lake Shore Place,-122.28006,47.718937,,,,,,,,,,,,,,,,,,,,,,,,,,
435,University Playground,-122.319312,47.664447,yes,yes,yes,,,yes,,,,,,,,,yes,yes,,yes,,,yes,,,,,
4451,Ursula Judkins Viewpoint,-122.390232,47.632049,,,,,,,,,,,,,,,,,,,,,,,,yes,,
431,Van Asselt Playground,-122.294068,47.539446,yes,yes,yes,yes,,yes,,,,,yes,,,,yes,yes,,yes,,,,,,,,yes
338,Victor Steinbrueck Park,-122.343869,47.610153,,yes,,,,yes,,,,,,,,,,,,,,,,,,yes,,
4443,Victory Creek Park,-122.315554,47.709155,,,,,,,,,,,,,,,,,,,,,,,,,,
438,Victory Heights Playground,-122.307834,47.705672,,,,,,yes,,,,,,,,,yes,,,,,,yes,,,,,
444,View Ridge Playfield,-122.279969,47.679747,,,yes,yes,,yes,,,,,,,,,yes,yes,,yes,,,,,,,,yes
3098,Viretta Park,-122.282003,47.61875,,,,,,,,,,,,,,,,,,,,,,,,,,
4002,Virgil Flaim Park,-122.299374,47.717955,,,,,,yes,,,,,yes,,,,yes,,,,,,,,,,,
399,Volunteer Park,-122.315568,47.630378,,yes,,,,yes,,,,yes,,,,,yes,yes,,,,,yes,,yes,,,yes
1000399,Volunteer Park Conservatory,-122.315708,47.632063,,,,,,,,,,,,,,,,,,,,,,,,,,
449,Wallingford Playfield,-122.337444,47.658544,,,,,,yes,,,,,,,,,yes,yes,,yes,,,yes,,,,,yes
1000004,Wallingford Steps,-122.336152,47.647345,,,,,,,,,,,,,,,,,,,,,,,,,,
3941,Walt Hundley Playfield,-122.373415,47.54017,,yes,yes,,,yes,,,,,yes,,,,yes,yes,,yes,,,yes,,,,,
763,Ward Springs Park,-122.349245,47.627747,,,,,,,,,,,,,,,yes,,,,,,,,,yes,,
398,Warren G. Magnuson Park,-122.255084,47.680304,,yes,yes,,yes,yes,,,,,yes,yes,yes,yes,yes,yes,,yes,,yes,yes,,yes,yes,,yes
393,Washington Park Arboretum,-122.294835,47.636477,,yes,,,,,,,,yes,,yes,,,yes,yes,,,,,,,yes,yes,,
1100393,Washington Park Playfield,-122.293925,47.627064,,,,,,,,,,,,,,,,,,,,,,,,,,
4165,Washington Street Public Boat Landing,-122.336045,47.601007,,,,,,,,,,,,,,,,,,,,,,,,,,
3973,Waterfront Park,-122.342196,47.606778,,,,,,yes,,yes,,,,,,,,,,,,,,,,yes,,
4083,Waterway 19,-122.332567,47.646349,,,,,,,,,,,,,,,,,,,,,,,,,,
3966,Weather Watch Park,-122.409506,47.568247,,,,,,,,,,,,,,,,,,,,,,,,,,
3894,Webster Park,-122.397851,47.677832,,,,yes,,yes,,,,,,,,,yes,,,,,,,,,,,
3899,Wedgwood Square,-122.294772,47.688151,,,,,,,,,,,,,,,,,,,,,,,,,,
4401,West Duwamish Greenbelt,-122.356966,47.563271,,,,,,,,,,,,,,,,,,,,,,,yes,,,
3694,West Ewing Mini Park,-122.360602,47.65205,,,,,,yes,,,,,,,,,,,,,,,,,,yes,,
375,West Montlake Park,-122.30982,47.646219,,,,,,,,,,,,,,,,,,,,,,,,yes,,
330,West Queen Anne Playfield,-122.359504,47.635514,,,yes,,,yes,,,,,,,,,yes,,,yes,,,,,,,,
469,West Seattle Golf Course,-122.369657,47.55986,,,,,,,,,,,,,,,,,,,,,,,,,,
472,West Seattle Stadium,-122.374348,47.562826,,,,,,,,,yes,,,,,,,,,,,,,yes,,,,
468,Westcrest Park,-122.341719,47.525783,,yes,,,yes,,,,,,yes,,,yes,yes,yes,,,,,,,yes,,,
494,Westlake Greenbelt,-122.34338,47.641586,,,,,,,,,,,,,,,,,,,,,,,,,,
332,Westlake Park,-122.33724,47.611099,,,,,,,,,,,,,,,,,,,,,,,,,,
334,Westlake Square,-122.337285,47.613627,,,,,,,,,,,,,,,,,,,,,,,,,,
385,William Grose Park,-122.29294,47.618021,,,,,,,,,,,,,,,,,,,,,,,,,,
4016,Williams Place,-122.313094,47.619809,,,,,,,,,,,,,,,,,,,,,,,,,,
278,Wolf Creek Ravine Natural Area,-122.352314,47.639775,,,,,,,,,,,,,,,,,,,,,,,,,,
292,Woodland Park,-122.344218,47.668906,,,yes,,yes,yes,,,,,yes,,,yes,,yes,yes,yes,,,yes,yes,yes,,,
1000292,Woodland Park Rose Garden,-122.35054,47.666499,,,,,,,,,,,,,,,,,,,,,,,,,,
200,Woodland Park Zoo,-122.35043,47.666183,,yes,,,,,,,,yes,,,,,yes,,,,,,,,,,,
4563,Yesler Playfield,-122.320083,47.601262,,,,,,,,,,,,,,,,,,,,,,,,,,
580,York Park,-122.295537,47.570461,,,,,,,,,,,,,,,,,,,,,,,,,,
3926,York Playground,-122.290713,47.572695,,,,,,,,,,,,,,,,,,,,,,,,,,
